{
    "exposed": [
        0.48342394969884683,
        0.06567318566300717,
        0.8996647944375229,
        0.15050996777046066,
        0.8997033044800122,
        0.3601398686773766
    ],
    "lambda": [
        0.12066844296137508,
        0.010973824754312564,
        0.14478500783303133
    ],
    "a": [
        0.33713202098440664,
        0.003406268950500748
    ],
    "delta": 13,
    "total_recovered": [
        0,
        0,
        0
    ],
    "R2": [
        0.9046759082801414,
        -0.302883448647427,
        0.4959711998725067,
        -0.09186130788657132,
        -0.2856882569493968,
        -0.29918347068154016
    ]
}