{
    "exposed": [
        0.006564138965760486,
        0.7319779667246054
    ],
    "lambda": [
        0.299999999979632
    ],
    "a": [
        0.11369118202417769
    ],
    "delta": 37,
    "total_recovered": [
        209809.16111695048,
        284250.4227793627
    ],
    "R2": [
        0.7327940126401233,
        0.8459249933653211
    ]
}