{
    "exposed": [
        0.2929646894618735,
        0.14046316826427088,
        0.28020050116120465
    ],
    "lambda": [
        0.06044027088920339,
        0.05133458348049536,
        0.06356505105794814
    ],
    "a": [
        0.33337053019941343
    ],
    "delta": 125,
    "total_recovered": [
        0,
        0,
        0
    ],
    "R2": [
        -1.3647820224360077,
        -0.29395929939323096,
        0.37828988783619466
    ]
}