{
    "exposed": [
        0.39578886879112957,
        0.24639588883107716
    ],
    "lambda": [
        0.06076161971433726
    ],
    "a": [
        0.3018338330175099
    ],
    "delta": 20,
    "total_recovered": [
        314330069.7400414,
        1740809504.9043634
    ],
    "R2": [
        0.6006528941181257,
        -0.16159363570338758
    ]
}