{
    "exposed": [
        0.264361463631849,
        0.799230799322659,
        0.6357609131905572
    ],
    "lambda": [
        0.06514523486538414,
        0.07241942732955182,
        0.0600244034616866
    ],
    "a": [
        0.021514499600464317
    ],
    "delta": 53,
    "total_recovered": [
        0,
        0,
        0
    ],
    "R2": [
        0.5599674345362996,
        -0.8210738175904289,
        -0.8416802495000582
    ]
}