{
    "exposed": [
        0.7357707186893175,
        0.0914073138257615,
        0.6414231339370549,
        0.37015396655984145,
        0.8703435306499858,
        0.1263593770461381
    ],
    "lambda": [
        0.08908527157019931,
        0.033182281702673365,
        0.06248845647522169
    ],
    "a": [
        0.12336657115185214,
        0.5774683687005676
    ],
    "delta": 16,
    "total_recovered": [
        0,
        0,
        0
    ],
    "R2": [
        0.23267379962982437,
        -0.3212141346734336,
        -1.9229237318713643,
        0.5315211065990969,
        -0.30011680091672277,
        -1.677274132415271
    ]
}