{
    "exposed": [
        0.5677344181099286,
        0.255611338206848,
        0.6279254379293624
    ],
    "lambda": [
        0.18399564673605573,
        0.06643904992532779,
        0.1906082000751657
    ],
    "a": [
        0.10303399518000997
    ],
    "delta": 38,
    "total_recovered": [
        0,
        0,
        0
    ],
    "R2": [
        0.6673601066159301,
        -0.29395930321058406,
        0.4909274374731645
    ]
}