{
    "exposed": [
        0.2289141863602774,
        0.6670521452792604
    ],
    "lambda": [
        0.4577674611394301
    ],
    "a": [
        0.8666438021067585
    ],
    "delta": 20,
    "total_recovered": [
        173910072.90891302,
        47033065.3300309
    ],
    "R2": [
        0.6974349299420011,
        -0.5286584459480159
    ]
}