{
    "exposed": [
        0.16949693166028468,
        0.3757057861078756,
        0.10762423815338928
    ],
    "lambda": [
        0.03954414491349323,
        0.06651727803454768,
        0.047888185434155024
    ],
    "a": [
        0.3518499893977316
    ],
    "delta": 254,
    "total_recovered": [
        0,
        0,
        0
    ],
    "R2": [
        -1.3647840639402498,
        0.32520826827427163,
        -1.738071466393865
    ]
}