{
    "exposed": [
        0.5484371144731744,
        0.5542608706205027
    ],
    "lambda": [
        0.06519525645928666
    ],
    "a": [
        0.06519525645928666
    ],
    "delta": 19,
    "total_recovered": [
        307585914.418881,
        296424807.91102713
    ],
    "R2": [
        0.5448446740811141,
        0.559084195725172
    ]
}