{
    "exposed": [
        0.29795031944590056,
        0.7067618042592452,
        0.0797849623288032
    ],
    "lambda": [
        0.07014591274578025,
        0.08340952681293577,
        0.0426462349065573
    ],
    "a": [
        0.34830063898857955
    ],
    "delta": 22,
    "total_recovered": [
        0,
        0,
        0
    ],
    "R2": [
        0.7584402544652531,
        -0.2975388205304539,
        -1.7735351893625841
    ]
}