{
    "exposed": [
        0.20068715652902974,
        0.8810660635242469
    ],
    "lambda": [
        0.2240234638742738
    ],
    "a": [
        0.40712528886882293
    ],
    "delta": 60,
    "total_recovered": [
        169764.00201368373,
        434402.81306743214
    ],
    "R2": [
        0.08434317439592998,
        0.7940231625460864
    ]
}