{
    "exposed": [
        0.8562965394990706,
        0.734204534239257
    ],
    "lambda": [
        0.14836109360190328
    ],
    "a": [
        0.1887414290801817
    ],
    "delta": 14,
    "total_recovered": [
        329867032.7265655,
        1800457980.4495568
    ],
    "R2": [
        0.6705727633921288,
        0.24208304574417694
    ]
}