{
    "exposed": [
        0.20763715800384439,
        0.37408687588417455,
        0.17825771196131976
    ],
    "lambda": [
        0.09054391447007287,
        0.08943577927492526,
        0.07543793692245584
    ],
    "a": [
        0.09464398183116778
    ],
    "delta": 53,
    "total_recovered": [
        0,
        0,
        0
    ],
    "R2": [
        0.6185029913886648,
        -0.2939591842334488,
        -1.7380641961368632
    ]
}