{
    "exposed": [
        0.8035060424410747,
        0.413113340934458,
        0.25115428504012116
    ],
    "lambda": [
        0.11515528109904832,
        0.03759938449063657,
        0.01154100514007949
    ],
    "a": [
        0.30529506816887664
    ],
    "delta": 61,
    "total_recovered": [
        0,
        0,
        0
    ],
    "R2": [
        0.5963383955568042,
        -0.29395930321058406,
        -1.738071466393865
    ]
}