{
    "exposed": [
        0.7478744200292535,
        0.1513108652420621,
        0.8540363987470121
    ],
    "lambda": [
        0.09935067687831414,
        0.03585126370443709,
        0.07436001073945397
    ],
    "a": [
        0.33282537529179657
    ],
    "delta": 65,
    "total_recovered": [
        513527.9215347921,
        2.0858472958599035,
        4.414323057726117
    ],
    "R2": [
        0.6070036957658558,
        -0.31759589149436285,
        -1.8949652451433545
    ]
}