{
    "exposed": [
        0.7159678047777336,
        0.3197622585396817,
        0.45950812134395036
    ],
    "lambda": [
        0.1,
        0.06425271554276253,
        0.04354696823970144
    ],
    "a": [
        0.09082585219142005
    ],
    "delta": 17,
    "total_recovered": [
        0,
        0,
        0
    ],
    "R2": [
        0.8038542894381359,
        -0.2952988520668738,
        -1.7735474279231727
    ]
}