{
    "exposed": [
        0.6367713065697267,
        0.005508158263352356,
        0.30386722399333577,
        0.38755381010930967,
        0.7828503104983113,
        0.005856571648903169
    ],
    "lambda": [
        0.13926625451277902,
        0.199757078514191,
        0.10727089266624645
    ],
    "a": [
        0.2808140051596706,
        0.9904569027916112
    ],
    "delta": 62,
    "total_recovered": [
        3100.0298802036355,
        118777.50946747728,
        7154.284747611986,
        25856.24182508275,
        257869.5940155886,
        52084.40429936956
    ],
    "R2": [
        -0.5157515197505653,
        0.11484561871501442,
        -0.40424371659319625,
        0.2283260529942338,
        0.36977954478354114,
        0.892121400115597
    ]
}