{
    "exposed": [
        0.016259204835011684,
        0.03883321800551096,
        0.8391437078059355,
        0.1770484485828196
    ],
    "lambda": [
        0.17300311181575814
    ],
    "a": [
        0.17300311181575814
    ],
    "delta": 31,
    "total_recovered": [
        44947649.21241156,
        135059536.27785757,
        138000608.75768128,
        39087554.463618785
    ],
    "R2": [
        0.5105914196957386,
        -0.7105692323754786,
        0.6406911170026366,
        -0.766269936118777
    ]
}