{
    "exposed": [
        0.20872619933770564,
        0.8038748169630443,
        0.24013082032917232
    ],
    "lambda": [
        0.08550967954187877,
        0.07001874389314788,
        0.08681614573715005
    ],
    "a": [
        0.03799535891080842
    ],
    "delta": 57,
    "total_recovered": [
        0,
        0,
        0
    ],
    "R2": [
        0.6050166316923307,
        -0.29395930321058406,
        0.4340932635954453
    ]
}