{
    "exposed": [
        0.09497208659023693,
        0.5549122312016412,
        0.35011586440607284
    ],
    "lambda": [
        0.07683260888605062,
        0.05946031265661752,
        0.04862876268828152
    ],
    "a": [
        0.018503252923286348
    ],
    "delta": 81,
    "total_recovered": [
        499307.33260572987,
        1.7156663167283421,
        1.9674936316068459
    ],
    "R2": [
        0.1635866430686893,
        -0.5894105579233795,
        -0.6673217889796523
    ]
}