{
    "exposed": [
        0.005070388128979572,
        0.5322244511567964,
        0.8866128653731089,
        0.4260573442396425,
        0.29588790830034506,
        0.25005801669768013
    ],
    "lambda": [
        0.18768624146443375,
        0.04386539113596015,
        0.14699794987809678
    ],
    "a": [
        2.241477448032825e-08,
        0.26379313426220263
    ],
    "delta": 54,
    "total_recovered": [
        119549.09266882416,
        1.1358758971587333,
        12255.617623668151,
        304622.8269606724,
        1.4885890620065092,
        163095.85817335424
    ],
    "R2": [
        0.2706843305281066,
        -1.4130861308871805,
        -1.4881603935488714,
        0.7628326748486216,
        -1.519559110202989,
        0.820481363095409
    ]
}