{
    "exposed": [
        0.08761667022170265,
        0.7514957827531231
    ],
    "lambda": [
        0.27350989784761903
    ],
    "a": [
        0.18939258653892466
    ],
    "delta": 42,
    "total_recovered": [
        230308.95006951108,
        371233.4312267323
    ],
    "R2": [
        0.251435933143088,
        0.4691474070734042
    ]
}