{
    "exposed": [
        0.005,
        0.7514697038742324
    ],
    "lambda": [
        0.2979990712731764
    ],
    "a": [
        0.1387439481025256
    ],
    "delta": 38,
    "total_recovered": [
        212245.0711730611,
        293257.28432586766
    ],
    "R2": [
        0.7187190478605172,
        0.8419832405552188
    ]
}