{
    "exposed": [
        0.5186165386904222,
        0.1868255630751685,
        0.19713074024702354
    ],
    "lambda": [
        0.11999396033106803,
        0.11117453321594248,
        0.09421285322013473
    ],
    "a": [
        0.9299864579938194
    ],
    "delta": 53,
    "total_recovered": [
        0,
        0,
        0
    ],
    "R2": [
        0.6184722190064038,
        -0.011434671377966055,
        -1.738071459203404
    ]
}