{
    "exposed": [
        0.8999999999998449,
        0.005003599961638643
    ],
    "lambda": [
        1.0
    ],
    "a": [
        1.0
    ],
    "delta": 19,
    "total_recovered": [
        306645041.75162816,
        336102810.61298674
    ],
    "R2": [
        0.5475240975545804,
        0.4300419109866148
    ]
}