{
    "exposed": [
        0.137,
        0.847442501406664
    ],
    "lambda": [
        0.2919999999999999
    ],
    "a": [
        0.23400000000000004
    ],
    "delta": 58,
    "total_recovered": [
        165133.6221910614,
        258250.5216433907
    ],
    "R2": [
        0.18770710272938806,
        0.1877376227150338
    ]
}