{
    "exposed": [
        0.6879790795116731,
        0.6794201966508361,
        0.10445586633276299
    ],
    "lambda": [
        0.10047065659333303,
        0.04964419790496936,
        0.037265343501195015
    ],
    "a": [
        0.7429631930574506
    ],
    "delta": 52,
    "total_recovered": [
        0,
        0,
        0
    ],
    "R2": [
        0.6201376476023464,
        -0.29395930321058406,
        -1.738071466393865
    ]
}