{
    "exposed": [
        0.015111751000962348,
        0.8979430595447715
    ],
    "lambda": [
        0.2542023240944684
    ],
    "a": [
        0.3288393695632087
    ],
    "delta": 66,
    "total_recovered": [
        195993.82397981148,
        280196.73259725294
    ],
    "R2": [
        -0.06014590049056023,
        0.1601348024560495
    ]
}