{
    "exposed": [
        0.44007265170441684,
        0.2575029775494409,
        0.5501900215141378
    ],
    "lambda": [
        0.185,
        0.07222330438928899,
        0.2
    ],
    "a": [
        0.054996703598268235
    ],
    "delta": 39,
    "total_recovered": [
        0,
        0,
        0
    ],
    "R2": [
        0.6758319823717659,
        -0.29395930321058406,
        0.5038763755014968
    ]

}