{
    "exposed": [
        0.6922708771248196,
        0.38577146256660794
    ],
    "lambda": [
        0.022956866399529013,
        0.0806186198642036
    ],
    "a": [
        0.11036227544667103
    ],
    "delta": 43,
    "total_recovered": [
        0,
        0
    ],
    "R2": [
        -0.29756215216891513,
        0.4460470167491878
    ]
}