{
    "exposed": [
        0.5599916730791603,
        0.2100215779802827,
        0.6166067713201686
    ],
    "lambda": [
        0.189,
        0.05096424033005584,
        0.19600022532848727
    ],
    "a": [
        0.11000052697617366
    ],
    "delta": 35,
    "total_recovered": [
        0,
        0,
        0
    ],
    "R2": [
        0.6486229846787719,
        -0.29395930321058406,
        0.09565174282509104
    ]
}