{
    "exposed": [
        0.3634176530553763,
        0.44141343500352664,
        0.8761833985982589,
        0.2899715502013075,
        0.05023778729857504,
        0.2398813793223147
    ],
    "lambda": [
        0.06327022238642079,
        0.0342684179925434,
        0.021330417140147016
    ],
    "a": [
        0.021330417140147016,
        0.05989130417315747
    ],
    "delta": 22,
    "total_recovered": [
        0,
        0,
        0
    ],
    "R2": [
        0.7422957956863134,
        -1.2838347966210146,
        -0.29756215216891513,
        -11.665201097958624,
        -1.7735474336026407,
        -1.5592881375978744
    ]
}