{
    "exposed": [
        0.7810720495094602,
        0.08141749688297685,
        0.42072290431709003
    ],
    "lambda": [
        0.14406973904248693,
        0.022478537388483325,
        0.07941155832706152
    ],
    "a": [
        0.03100662448526882
    ],
    "delta": 13,
    "total_recovered": [
        0,
        0,
        0
    ],
    "R2": [
        0.8293998761114222,
        -0.29756215208496717,
        -0.21579334047931087
    ]
}