{
    "exposed": [
        0.5643957726707903,
        0.6180793436753274,
        0.8021061245690652,
        0.4650513961391393,
        0.4563086476925478,
        0.2891989894289654
    ],
    "lambda": [
        0.07208742747039007,
        0.07411017900580225,
        0.05057634678263502
    ],
    "a": [
        0.10386457641053541,
        0.4091942374333032
    ],
    "delta": 15,
    "total_recovered": [
        0,
        0,
        0
    ],
    "R2": [
        0.8342837060688046,
        0.8195423375183128,
        -0.3211522634695463,
        -9.308724325118602,
        0.1062587937551448,
        -1.6806091922568838
    ]
}