{
    "exposed": [
        0.15346240459736757
    ],
    "lambda": [
        1.0
    ],
    "a": [
        1.0
    ],
    "delta": 0,
    "total_recovered": [
        1903298.136329075
    ],
    "R2": [
        0.11153942370767211
    ]
}