{
    "exposed": [
        0.6486257782678474,
        0.5118096918207824
    ],
    "lambda": [
        0.10171481600404067
    ],
    "a": [
        0.15617635432105906
    ],
    "delta": 14,
    "total_recovered": [
        268274045.13549426,
        973040366.4732167
    ],
    "R2": [
        0.6712210751438925,
        0.19331230989617754
    ]
}