{
    "exposed": [
        0.22984738327130905,
        0.8982538883315958
    ],
    "lambda": [
        0.2999999999786397
    ],
    "a": [
        0.27695932683950364
    ],
    "delta": 51,
    "total_recovered": [
        188648.3172483069,
        358858.25841341086
    ],
    "R2": [
        0.3037294929994877,
        0.4870781006063065
    ]
}