{
    "exposed": [
        0.44280032618085297
    ],
    "lambda": [
        0.11850036202708294
    ],
    "a": [
        0.1088043666131829
    ],
    "delta": 58,
    "total_recovered": [
        443486.0340784181
    ],
    "R2": [
        0.33392628250997514
    ]
}