{
    "exposed": [
        0.31332302687064745,
        0.6268634971174488,
        0.25294292644760796
    ],
    "lambda": [
        0.06992265018062607,
        0.09266993854294601,
        0.06547936379891503
    ],
    "a": [
        0.18628634449972087
    ],
    "delta": 55,
    "total_recovered": [
        0,
        0,
        0
    ],
    "R2": [
        0.6099774843839618,
        -0.06728985939491827,
        0.4438487608177005
    ]
}