{
    "exposed": [
        0.6726220829340573,
        0.6559823845427752
    ],
    "lambda": [
        0.14254096543130484
    ],
    "a": [
        0.123726234156519
    ],
    "delta": 8,
    "total_recovered": [
        286632131.9318502,
        1573138203.091268
    ],
    "R2": [
        0.7514875207817268,
        0.1744620433294518
    ]
}