{
    "exposed": [
        0.005,
        0.7836637872188472
    ],
    "lambda": [
        0.29999999632833174
    ],
    "a": [
        0.17675291450566
    ],
    "delta": 32,
    "total_recovered": [
        283825.9790057124,
        382387.8178471537
    ],
    "R2": [
        0.5795323745665945,
        0.7734832939863732
    ]
}