{
    "exposed": [
        0.6467646494020252,
        0.4108592278026142
    ],
    "lambda": [
        0.10047448242566157
    ],
    "a": [
        0.13554500716454554
    ],
    "delta": 14,
    "total_recovered": [
        334451354.212728,
        1849765800.1564803
    ],
    "R2": [
        0.6663681050782256,
        0.48014591688988173
    ]
}