{
    "exposed": [
        0.0051,
        0.7027209591248107
    ],
    "lambda": [
        0.339575301497263
    ],
    "a": [
        0.0107
    ],
    "delta": 31,
    "total_recovered": [
        208083.28590398788,
        211438.7333431297
    ],
    "R2": [
        0.7073472154899028,
        0.7032815390437687
    ]
}