{
    "exposed": [
        0.5351515603165735,
        0.5728849876823022,
        0.6507719628035032
    ],
    "lambda": [
        0.07936101556475104,
        0.058674390036357556,
        0.01604699075659054
    ],
    "a": [
        0.02753405105176697
    ],
    "delta": 47,
    "total_recovered": [
        0,
        0,
        0
    ],
    "R2": [
        0.5763634630036503,
        -0.8210738174338534,
        -0.8416802495000582
    ]
}