{
    "exposed": [
        0.08746378580055356,
        0.5197807065235454,
        0.8999293258622684
    ],
    "lambda": [
        0.07597769810924579,
        0.041210954170288805,
        0.12992099241975863
    ],
    "a": [
        0.07681075291455253
    ],
    "delta": 57,
    "total_recovered": [
        0,
        0,
        0
    ],
    "R2": [
        0.5508216950514219,
        -0.8210738175924375,
        -0.841680249490449
    ]
}