{
    "exposed": [
        0.8506601555110365,
        0.7421101717698981,
        0.01743135243049032
    ],
    "lambda": [
        0.12919217599501842,
        0.016397451709143314,
        0.03730539092764365
    ],
    "a": [
        0.14517896068381203
    ],
    "delta": 64,
    "total_recovered": [
        420716.6843636656,
        1.1807988231133533,
        2.3228462852341014
    ],
    "R2": [
        0.23121469795622585,
        -0.5894105579233795,
        -0.6673217889796523
    ]
}