{
    "exposed": [
        0.137,
        0.8474425026876039
    ],
    "lambda": [
        0.2919999999999999
    ],
    "a": [
        0.234
    ],
    "delta": 58,
    "total_recovered": [
        165133.62202051425,
        258250.5212131675
    ],
    "R2": [
        0.18770710295997506,
        0.1877376224733358
    ]
}