{
    "exposed": [
        0.7692857108202729,
        0.4032302106320439,
        0.6325258559803095
    ],
    "lambda": [
        0.11006811426464813,
        0.05977494199278208,
        0.0987066125309326
    ],
    "a": [
        0.192094649675099
    ],
    "delta": 55,
    "total_recovered": [
        465578.3855370089,
        4.076419025314112,
        123329.3439395116
    ],
    "R2": [
        0.806445442381906,
        -0.3180352386926997,
        0.4153395878625872
    ]
}