{
    "exposed": [
        0.19598067968964825,
        0.5567625818110467,
        0.12002211077091546
    ],
    "lambda": [
        0.06526503608424242,
        0.08654907036438561,
        0.060056424246345344
    ],
    "a": [
        0.1924608103371868
    ],
    "delta": 55,
    "total_recovered": [
        0,
        0,
        0
    ],
    "R2": [
        0.6038866889610421,
        -0.2938948920891893,
        0.3901163769614602
    ]
}