{
    "exposed": [
        0.7379475869420664,
        0.5452151586899164
    ],
    "lambda": [
        0.1334110605032534
    ],
    "a": [
        0.17478125852718393
    ],
    "delta": 10,
    "total_recovered": [
        489737459.60552007,
        1344332976.265311
    ],
    "R2": [
        0.6865847149426604,
        0.38302247822042734
    ]
}