{
    "exposed": [
        0.1982840248462207
    ],
    "lambda": [
        0.00024022732919714424
    ],
    "a": [
        0.00024022732919714424
    ],
    "delta": 22,
    "total_recovered": [
        266056373.21975535
    ],
    "R2": [
        0.6230059541978745
    ]
}