{
    "exposed": [
        0.6628296691062247,
        0.034006269031694486
    ],
    "lambda": [
        0.14649856115254065
    ],
    "a": [
        0.14649856115254065
    ],
    "delta": 19,
    "total_recovered": [
        127955245.32210626,
        52193554.11106415
    ],
    "R2": [
        0.71557284290265,
        0.7097241682800233
    ]
}