{
    "exposed": [
        0.026144157419258567
    ],
    "lambda": [
        0.11596966689389934
    ],
    "a": [
        0.11596966689389934
    ],
    "delta": 22,
    "total_recovered": [
        178935142.41473547
    ],
    "R2": [
        0.6428521083081246
    ]
}