{
    "exposed": [
        0.137,
        0.847442504038284
    ],
    "lambda": [
        0.292
    ],
    "a": [
        0.234
    ],
    "delta": 58,
    "total_recovered": [
        165133.6220157695,
        258250.52120120326
    ],
    "R2": [
        0.18770710296639026,
        0.18773762246660175
    ]
}