{
    "exposed": [
        0.005,
        0.15056600067274306,
        0.09818206170024674,
        0.48817636811600207,
        0.005,
        0.5363785531026846
    ],
    "lambda": [
        0.19195427703438184,
        0.10233965420907742,
        0.1908903187712817
    ],
    "a": [
        0.10432472419685129,
        1.0
    ],
    "delta": 46,
    "total_recovered": [
        194107.19866479273,
        22.345122273783687,
        542.6776905611821,
        452682.9942292619,
        111.81331775099176,
        1416.2880674857329
    ],
    "R2": [
        0.31184398795720325,
        -0.8026540077806561,
        -0.691420892675257,
        0.7692416083474871,
        -0.8264140227973067,
        -0.7854683059088379
    ]
}