{
    "exposed": [
        0.6515875563597403,
        0.42187027359440493,
        0.091343467341598,
        0.8297035967257197,
        0.08021654835844355,
        0.6140275443303727
    ],
    "lambda": [
        0.14590153344442877,
        0.029253755959252642,
        0.04379604645819557
    ],
    "a": [
        0.0055994462445943935,
        0.17220425716881493
    ],
    "delta": 9,
    "total_recovered": [
        0,
        0,
        0
    ],
    "R2": [
        0.6538175800536249,
        -0.29756214727879327,
        -1.7734989666252927,
        -0.052774552556911214,
        -0.27761247341451356,
        -1.5592862933745484
    ]
}