{
    "exposed": [
        0.0629418136703375,
        0.8989841946072338
    ],
    "lambda": [
        0.21972220870405712
    ],
    "a": [
        0.4262954432696201
    ],
    "delta": 59,
    "total_recovered": [
        186603.48471230528,
        437480.4569290939
    ],
    "R2": [
        0.19733569470697854,
        0.7793437819612377
    ]
}