{
    "exposed": [
        0.8553689758999369,
        0.027121385400572243
    ],
    "lambda": [
        0.2627736692786239
    ],
    "a": [
        0.2627736692786239
    ],
    "delta": 18,
    "total_recovered": [
        121054991.00626759,
        44485358.43459333
    ],
    "R2": [
        0.42641683041322065,
        0.23481135534388564
    ]
}