{
    "exposed": [
        0.2859852001480123,
        0.27114434040299595,
        0.8999999648399553
    ],
    "lambda": [
        0.1417430578370672,
        0.09898595703161397,
        0.1021720144714316
    ],
    "a": [
        0.10098260072573537
    ],
    "delta": 48,
    "total_recovered": [
        0,
        0,
        0
    ],
    "R2": [
        0.6362836520509172,
        -0.2939593031958223,
        -1.738071466393865
    ]
}