{
    "exposed": [
        0.3089158945759798,
        0.31761555898747507
    ],
    "lambda": [
        0.5506157729292441
    ],
    "a": [
        0.5506157729292441
    ],
    "delta": 2,
    "total_recovered": [
        150895617.74260795,
        146389712.0665701
    ],
    "R2": [
        0.6495333983564511,
        0.6792213425880123
    ]
}