{
    "exposed": [
        0.8984478696447692,
        0.13212252124500345,
        0.8120902286721936,
        0.16483273239221452,
        0.24908024188412264,
        0.570838545295119
    ],
    "lambda": [
        0.10685733558296985,
        0.12659514146846718,
        0.09913438068982519
    ],
    "a": [
        0.3571076637975541,
        0.23228303639391165
    ],
    "delta": 93,
    "total_recovered": [
        4.027483516921931,
        86092.53017792024,
        1.6197660003340426,
        18.7054917701685,
        343036.97704924777,
        2.8356363559142346
    ],
    "R2": [
        -1.8690583600387893,
        -0.2615909347257621,
        -1.325794319457053,
        -1.8743124643910227,
        0.748227911234594,
        -1.3171560823524882
    ]
}