{
    "exposed": [
        0.017358865481535368,
        0.8411335107459078,
        0.7430291402955378
    ],
    "lambda": [
        0.05442451611228007,
        0.08554139758173615,
        0.01786699635850846
    ],
    "a": [
        0.26957427984693644
    ],
    "delta": 68,
    "total_recovered": [
        0,
        0,
        0
    ],
    "R2": [
        0.5792902573060923,
        -1.1662676038939064,
        -1.738071466393865
    ]
}