{
    "exposed": [
        0.15144111657759254,
        0.3755774372486352,
        0.3484256517486001
    ],
    "lambda": [
        0.05977151494967753,
        0.06693658248408048,
        0.06678572688539798
    ],
    "a": [
        0.46015684498912274
    ],
    "delta": 56,
    "total_recovered": [
        0,
        0,
        0
    ],
    "R2": [
        0.6019596189647225,
        -1.5730198640756483,
        0.39654301563666017
    ]
}