{
    "exposed": [
        0.3512830125455406,
        0.33088456376181374,
        0.36893304428142515
    ],
    "lambda": [
        0.7680541520107613,
        0.6834420065757989,
        0.8122162833659679
    ],
    "a": [
        0.9704366843229997
    ],
    "delta": -4,
    "total_recovered": [
        0,
        0,
        0
    ],
    "R2": [
        -1.358142120722536,
        -3208.3950886187195,
        -186480.84248237556
    ]
}