{
    "exposed": [
        0.8308299643114818,
        0.4923441156304515
    ],
    "lambda": [
        0.11543732034537586
    ],
    "a": [
        0.35250352904266724
    ],
    "delta": 17,
    "total_recovered": [
        196636209.90821946,
        599128703.6200727
    ],
    "R2": [
        0.6390046915891243,
        0.3836073611644103
    ]
}