{
    "exposed": [
        0.5594276534006198,
        0.8465269128972771,
        0.08322232799883394,
        0.4164926608950264,
        0.6753632224779764,
        0.047070626401836894
    ],
    "lambda": [
        0.06615291084271727,
        0.025777804932223054,
        0.04700564418688301
    ],
    "a": [
        0.018032637498026804,
        0.1198519959226545
    ],
    "delta": 49,
    "total_recovered": [
        0,
        0,
        0
    ],
    "R2": [
        -1.2801558071247179,
        -0.3212157120334389,
        0.314883354352296,
        -1.2035904629471403,
        -0.300116886415412,
        -0.942404798744624
    ]
}