{
    "exposed": [
        0.7283793959720031,
        0.2802420412409939
    ],
    "lambda": [
        0.09507715272333901
    ],
    "a": [
        0.24890500197718962
    ],
    "delta": 22,
    "total_recovered": [
        293343766.3431415,
        899740883.458178
    ],
    "R2": [
        0.6968519171995404,
        0.5469199792478803
    ]
}