{
    "exposed": [
        0.756871376567239
    ],
    "lambda": [
        0.0929988090062724
    ],
    "a": [
        0.4027434438555899
    ],
    "delta": 132,
    "total_recovered": [
        0
    ],
    "R2": [
        0.22654135254798347
    ]
}