{
    "exposed": [
        0.005,
        0.7
    ],
    "lambda": [
        0.3400433789879575
    ],
    "a": [
        0.01093982936993367
    ],
    "delta": 30,
    "total_recovered": [
        215454.32566991277,
        226049.63125548707
    ],
    "R2": [
        0.8611585562631722,
        0.8731596172661871
    ]
}