{
    "exposed": [
        0.7002031520025758,
        0.017191694109702917
    ],
    "lambda": [
        0.1790656471515853
    ],
    "a": [
        0.1790656471515853
    ],
    "delta": 19,
    "total_recovered": [
        174661749.283369,
        92781463.00529811
    ],
    "R2": [
        0.800622504610605,
        0.7969656457700058
    ]
}