{
    "exposed": [
        0.29885849900607026,
        0.8997536259930838,
        0.664549185134979
    ],
    "lambda": [
        0.18353162305322623,
        0.18842668118793743,
        0.18648061721796388
    ],
    "a": [
        0.9204582858049335
    ],
    "delta": -1,
    "total_recovered": [
        1286721.7792992573,
        1286578.2525922775,
        1286716.587030687
    ],
    "R2": [
        -88.08607290976148,
        -14316.15332843988,
        -7.9239154793514945
    ]
}