{
    "exposed": [
        0.49980912880081996,
        0.33443691027162475,
        0.49190046571344875,
        0.459826486302617,
        0.07952785134767659,
        0.6411597242389449
    ],
    "lambda": [
        0.07386676139789063,
        0.06327421377361778,
        0.023092632068862817
    ],
    "a": [
        0.023092632068862817,
        0.2541209292340307
    ],
    "delta": 14,
    "total_recovered": [
        0,
        0,
        0
    ],
    "R2": [
        0.8111704732102865,
        0.7977341411258734,
        -0.29756215216833937,
        -17.501820008048384,
        0.47360275125182627,
        -1.559288137597874
    ]
}