{
    "exposed": [
        0.352111312705627,
        0.843507781317332,
        0.8912947488664478
    ],
    "lambda": [
        0.08097708320795582,
        0.004148367229444783,
        0.005639924062207582
    ],
    "a": [
        0.4399400013287438
    ],
    "delta": 48,
    "total_recovered": [
        864811.7237557977,
        1.0581411124771174,
        1.0714803836501878
    ],
    "R2": [
        0.7865680198817875,
        -0.8162518541123533,
        -0.7319056049582642
    ]
}