{
    "exposed": [
        0.0049,
        0.7049999999999998
    ],
    "lambda": [
        0.34003275333944577
    ],
    "a": [
        0.010700000000000001
    ],
    "delta": 31,
    "total_recovered": [
        204519.18668403386,
        203467.03815864772
    ],
    "R2": [
        0.4931232128546058,
        0.3607465603593758
    ]
}