{
    "exposed": [
        0.6402735736929321,
        0.5965385352322046,
        0.5087262080176025
    ],
    "lambda": [
        0.08404823314698129,
        0.0763267982687501,
        0.07506033191941841
    ],
    "a": [
        0.10243399728728991
    ],
    "delta": 43,
    "total_recovered": [
        0,
        0,
        0
    ],
    "R2": [
        0.5848765898808859,
        -0.4355154015439071,
        0.11585412750623325
    ]
}