{
    "exposed": [
        0.14730452476183026,
        0.8203437975880968
    ],
    "lambda": [
        0.9509429171460876
    ],
    "a": [
        0.9509429171460876
    ],
    "delta": 22,
    "total_recovered": [
        312607714.5375257,
        255913703.20818943
    ],
    "R2": [
        0.36499638685032454,
        0.17398484631497912
    ]
}