{
    "exposed": [
        0.5599999470213237,
        0.21000033780303806,
        0.6147720576998326
    ],
    "lambda": [
        0.18975471080850181,
        0.05098593551937139,
        0.19600008012448578
    ],
    "a": [
        0.11000025683139508
    ],
    "delta": 34,
    "total_recovered": [
        0,
        0,
        0
    ],
    "R2": [
        0.8550761779174547,
        -0.2986116057982051,
        0.7313373267872663
    ]
}