{
    "exposed": [
        0.02251453821123991,
        0.02975762989460887,
        0.82378078356641
    ],
    "lambda": [
        0.06192731942277257,
        0.010306849245128471,
        0.0919337145517879
    ],
    "a": [
        0.5682363129177259
    ],
    "delta": 21,
    "total_recovered": [
        0,
        0,
        0
    ],
    "R2": [
        0.7629603395797497,
        -0.29756215216891513,
        0.29488705913965707
    ]
}