{
    "exposed": [
        0.6056346051096916,
        0.7846829147085522,
        0.8005318841079417
    ],
    "lambda": [
        0.09356842644480161,
        0.1417043603178064,
        0.14333056522552637
    ],
    "a": [
        0.05884600417352265
    ],
    "delta": 2,
    "total_recovered": [
        0,
        0,
        0
    ],
    "R2": [
        -1.2844324836683216,
        -3361.7775815883065,
        -420.7860757814739
    ]
}