{
    "exposed": [
        0.34452364554516157,
        0.8991306388040254,
        0.34279566301643527
    ],
    "lambda": [
        0.15849054399794993,
        0.2707803620993421,
        0.11085765770976341
    ],
    "a": [
        7.14672692144002e-05
    ],
    "delta": 30,
    "total_recovered": [
        0,
        0,
        0
    ],
    "R2": [
        0.814262615054965,
        0.33245311625733376,
        -0.7319056049576564
    ]
}