{
    "exposed": [
        0.005,
        0.8646538801245058
    ],
    "lambda": [
        0.2999999999999844
    ],
    "a": [
        0.24244366642651516
    ],
    "delta": 41,
    "total_recovered": [
        245878762.8983481,
        800098506.1833851
    ],
    "R2": [
        0.651946508038497,
        0.832214600685937
    ]
}