{
    "exposed": [
        0.7007303856315958,
        0.1680504182819716
    ],
    "lambda": [
        0.18091312188929057,
        0.10420677531542584
    ],
    "a": [
        0.17377839666956924
    ],
    "delta": 35,
    "total_recovered": [
        0,
        0
    ],
    "R2": [
        -0.297126540122405,
        0.4815248225647857
    ]
}