{
    "exposed": [
        0.09283570178044703,
        0.8771715001420995
    ],
    "lambda": [
        0.997973860421101
    ],
    "a": [
        0.997973860421101
    ],
    "delta": 20,
    "total_recovered": [
        267674344.77396336,
        228982868.68880197
    ],
    "R2": [
        0.7398753535063642,
        0.7602881007087602
    ]
}