{
    "exposed": [
        0.15681920437512126,
        0.17078408267982176,
        0.38132055382940994
    ],
    "lambda": [
        0.12,
        0.0930233110169861,
        0.09275193847665943
    ],
    "a": [
        0.5807503555465929
    ],
    "delta": 45,
    "total_recovered": [
        0,
        0,
        0
    ],
    "R2": [
        0.6469152110927814,
        -0.29395924514413707,
        -1.7380714663929595
    ]
}