{
    "exposed": [
        0.8744369386245759
    ],
    "lambda": [
        0.9999823683582282
    ],
    "a": [
        0.9999823683582282
    ],
    "delta": 0,
    "total_recovered": [
        27547768.81207786
    ],
    "R2": [
        0.06178299965913736
    ]
}