{
    "exposed": [
        0.005
    ],
    "lambda": [
        0.9999166643346288
    ],
    "a": [
        0.9999166643346288
    ],
    "delta": -1,
    "total_recovered": [
        31871130.689754996
    ],
    "R2": [
        0.034680039139926566
    ]
}