{
    "exposed": [
        0.2518964756572606,
        0.5964317050927911
    ],
    "lambda": [
        0.07342997048251992,
        0.12794150094736353
    ],
    "a": [
        0.16596046827368507
    ],
    "delta": 34,
    "total_recovered": [
        0,
        0
    ],
    "R2": [
        -0.2724651863431722,
        0.4846957035851469
    ]
}