{
    "exposed": [
        0.8318945681908346,
        0.4532701740867703,
        0.11561966774301881
    ],
    "lambda": [
        0.13516497447559267,
        0.09344715673194291,
        0.07693719659160894
    ],
    "a": [
        0.23124980860693864
    ],
    "delta": 47,
    "total_recovered": [
        468964.9321328857,
        20460.36238809964,
        158702.1628971312
    ],
    "R2": [
        0.8548161106902961,
        0.4837993991668653,
        0.725682504120575
    ]
}