{
    "exposed": [
        0.8759305871332735,
        0.854727577454857
    ],
    "lambda": [
        0.5452290321149088
    ],
    "a": [
        0.5452290321149088
    ],
    "delta": 18,
    "total_recovered": [
        271831968.99572164,
        284918596.2741156
    ],
    "R2": [
        0.537217631923476,
        -0.021784814994076473
    ]
}