{
    "exposed": [
        0.20330615485095552,
        0.3997915469627118,
        0.23009690699903435
    ],
    "lambda": [
        0.07634664805806372,
        0.07269651576321584,
        0.0883239717995354
    ],
    "a": [
        0.7027921247172205
    ],
    "delta": 1,
    "total_recovered": [
        0,
        0,
        0
    ],
    "R2": [
        -3.111146038044626,
        -5223449.6128608845,
        -1.9584388351306363
    ]
}