{
    "exposed": [
        0.5848863936449976,
        0.6969794301933563,
        0.5414794574232876,
        0.821285595477287
    ],
    "lambda": [
        0.9854192896316581
    ],
    "a": [
        0.9854192896316581
    ],
    "delta": 19,
    "total_recovered": [
        7325159.003610706,
        30232848.612452988,
        48821319.25992694,
        8398327.606812695
    ],
    "R2": [
        -0.847166813840639,
        0.6812268283418754,
        0.15970089501072604,
        -1.0331807094913459
    ]
}