{
    "exposed": [
        0.030613043026935884,
        0.6859321014459154
    ],
    "lambda": [
        0.15462027194621802
    ],
    "a": [
        0.435479584895216
    ],
    "delta": 69,
    "total_recovered": [
        171901066.32273367,
        884680346.2605895
    ],
    "R2": [
        -0.21383004225462887,
        0.4798768954726059
    ]
}