{
    "exposed": [
        0.009548493109201337,
        0.6689389285691917
    ],
    "lambda": [
        0.049482245336606306,
        0.13024414566591455
    ],
    "a": [
        0.08764871038115267
    ],
    "delta": 30,
    "total_recovered": [
        0,
        0
    ],
    "R2": [
        -0.6982059876597746,
        0.49581691692829577
    ]
}