{
    "exposed": [
        0.7206081200166796,
        0.5977185900688737
    ],
    "lambda": [
        0.0
    ],
    "a": [
        0.0
    ],
    "delta": 0,
    "total_recovered": [
        235810458.15923935,
        182525914.83617666
    ],
    "R2": [
        0.6494212444659457,
        -1.6299703176188873
    ]
}