{
    "exposed": [
        0.45660773648256936,
        0.427266602895355,
        0.804086040717114
    ],
    "lambda": [
        0.5264753074691533,
        0.5215612206851419,
        0.5823456081170277
    ],
    "a": [
        0.5300896843627891
    ],
    "delta": -5,
    "total_recovered": [
        0,
        0,
        0
    ],
    "R2": [
        -36.20531443861099,
        -3661.631356694538,
        -570.9875877311732
    ]
}