{
    "exposed": [
        0.6106165171273225,
        0.09499780878789514
    ],
    "lambda": [
        0.2514931008841639
    ],
    "a": [
        0.2514931008841639
    ],
    "delta": 16,
    "total_recovered": [
        155923521.25817892,
        78880419.92692809
    ],
    "R2": [
        0.6215708620280261,
        0.535106919835613
    ]
}