{
    "exposed": [
        0.4649605159427795,
        0.20952476549185725
    ],
    "lambda": [
        0.765504867518468
    ],
    "a": [
        0.9516177869591355
    ],
    "delta": 1,
    "total_recovered": [
        9337203.49471802,
        8854643.831068832
    ],
    "R2": [
        0.5324352830627731,
        -0.1182123741494494
    ]
}