{
    "exposed": [
        0.6520662832428358,
        0.17014223922391464
    ],
    "lambda": [
        0.11822298783296172
    ],
    "a": [
        0.16365247709629996
    ],
    "delta": 25,
    "total_recovered": [
        197772558.04306713,
        1027254379.0041107
    ],
    "R2": [
        0.3947091232309131,
        0.637225995423178
    ]
}