{
    "exposed": [
        0.7881600718528929,
        0.45913699511877304,
        0.36604478425595155
    ],
    "lambda": [
        0.1057989321744447,
        0.07340010237165878,
        0.07000001608430123
    ],
    "a": [
        0.03503563544661861
    ],
    "delta": 45,
    "total_recovered": [
        0,
        0,
        0
    ],
    "R2": [
        0.6381271112114953,
        0.14690936645711095,
        0.4354114292282615
    ]
}