{
    "exposed": [
        0.6740347584350408,
        0.6610485333424997,
        0.12886855741512476
    ],
    "lambda": [
        0.05523074952759047,
        0.08775277535731635,
        0.04666429267025966
    ],
    "a": [
        0.056757126705876654
    ],
    "delta": 253,
    "total_recovered": [
        0,
        0,
        0
    ],
    "R2": [
        -1.3647840639402498,
        0.3803146615885947,
        -1.738071466393865
    ]
}