{
    "exposed": [
        0.007,
        0.8853312143047505
    ],
    "lambda": [
        0.3799998559906729
    ],
    "a": [
        0.0
    ],
    "delta": 19,
    "total_recovered": [
        172912.67563303362,
        149552.12045623735
    ],
    "R2": [
        0.8884081245874,
        0.9097813078814351
    ]
}