{
    "exposed": [
        0.5720274232057951,
        0.8998022195676874,
        0.3824766117369258
    ],
    "lambda": [
        0.10613896415489556,
        0.044205002020144164,
        0.010035870517688112
    ],
    "a": [
        5.036476812108272e-10
    ],
    "delta": 46,
    "total_recovered": [
        0,
        0,
        0
    ],
    "R2": [
        0.5795549476250821,
        -0.8210738175924375,
        -0.8416802495000582
    ]
}