{
    "exposed": [
        0.7585350304605605,
        0.5387775266350461,
        0.8745308960071574
    ],
    "lambda": [
        0.10199047934052624,
        0.01242197845149337,
        0.10602140793987933
    ],
    "a": [
        0.10094263163265282
    ],
    "delta": 76,
    "total_recovered": [
        366548.9488494511,
        1.1647676143865326,
        10188.948151043058
    ],
    "R2": [
        0.19256378373313288,
        -0.26332379589124244,
        -1.1884027471104317
    ]
}