{
    "exposed": [
        0.005
    ],
    "lambda": [
        1.0
    ],
    "a": [
        1.0
    ],
    "delta": 4,
    "total_recovered": [
        403596.21240760066
    ],
    "R2": [
        -0.5918183157202586
    ]
}