{
    "exposed": [
        0.26400010590649636,
        0.24316066771334127,
        0.1240718163680654
    ],
    "lambda": [
        0.14603097610839078,
        0.8620987748225348,
        0.8201375374897593
    ],
    "a": [
        0.761218571211801
    ],
    "delta": -4,
    "total_recovered": [
        0,
        0,
        0
    ],
    "R2": [
        -1.3640330225148696,
        -0.3159382798284529,
        -127840.17206100807
    ]
}