{
    "exposed": [
        0.005002327166740646,
        0.510168172003069
    ],
    "lambda": [
        0.0
    ],
    "a": [
        0.0
    ],
    "delta": 36,
    "total_recovered": [
        117071498.66178614,
        28055445.03855182
    ],
    "R2": [
        0.6765928857188905,
        -1.43994928139616
    ]
}