{
    "exposed": [
        0.05161551278609236,
        0.005,
        0.005,
        0.018344221985954673,
        0.8990835500348502,
        0.9
    ],
    "lambda": [
        0.10800575811854132,
        0.20972180350126152,
        0.05210177199069545
    ],
    "a": [
        0.00010059695993218845,
        1.0
    ],
    "delta": 50,
    "total_recovered": [
        3184.091038306806,
        129229.37924053479,
        1.283627426513151,
        18158.27384672099,
        248448.1257030772,
        1.3914113113249382
    ],
    "R2": [
        -0.5521561180953565,
        0.17020735812852594,
        -1.0599879350374795,
        0.24262224523829246,
        0.4712721000696233,
        -1.0957681127469256
    ]
}