{
    "exposed": [
        0.6659062817763031,
        0.04408009689897453
    ],
    "lambda": [
        0.06809026000762373
    ],
    "a": [
        0.3319261352510869
    ],
    "delta": 26,
    "total_recovered": [
        319586686.9405274,
        1780765609.0012646
    ],
    "R2": [
        0.6485361734665496,
        0.4756690982466065
    ]
}