{
    "exposed": [
        0.004000000005051901,
        0.7839991464579412
    ],
    "lambda": [
        0.29034916950246803
    ],
    "a": [
        0.17597268038324237
    ],
    "delta": 41,
    "total_recovered": [
        238708.74369663597,
        290956.6121405191
    ],
    "R2": [
        0.1670745102556913,
        0.06847016492632729
    ]
}