{
    "exposed": [
        0.6837806768421142,
        0.09963564597415103,
        0.8998035124713384
    ],
    "lambda": [
        0.11999130458219512,
        0.04114078871309334,
        0.13
    ],
    "a": [
        0.4696702984972325
    ],
    "delta": 30,
    "total_recovered": [
        0,
        0,
        0
    ],
    "R2": [
        0.6472521716252254,
        -0.8210738175924375,
        -0.3624533493030684
    ]
}