{
    "exposed": [
        0.21079536228807855,
        0.32682689366919554
    ],
    "lambda": [
        0.11351545367698897
    ],
    "a": [
        0.11351545367698897
    ],
    "delta": 33,
    "total_recovered": [
        302837582.12127954,
        211829515.43624642
    ],
    "R2": [
        0.48268258336019787,
        -1.6299745910398817
    ]
}