{
    "exposed": [
        0.6081385649385342
    ],
    "lambda": [
        0.16707651314610894
    ],
    "a": [
        0.09617700492972972
    ],
    "delta": 39,
    "total_recovered": [
        497863.43974305585
    ],
    "R2": [
        0.8710575625557105
    ]
}