{
    "exposed": [
        0.7796086458518445,
        0.6436783531371878,
        0.8703526601404845
    ],
    "lambda": [
        0.08524477732173136,
        0.07457681914251932,
        0.06493678668700315
    ],
    "a": [
        0.0
    ],
    "delta": 44,
    "total_recovered": [
        0,
        0,
        0
    ],
    "R2": [
        0.5857908725430001,
        0.0011424468409733102,
        -0.8416802495000315
    ]
}