{
    "exposed": [
        0.4693495660304528,
        0.10527066614587165
    ],
    "lambda": [
        0.01,
        0.05020470520920981
    ],
    "a": [
        0.5494044084694857
    ],
    "delta": 57,
    "total_recovered": [
        0,
        0
    ],
    "R2": [
        -0.29756215216891513,
        0.40531085855930726
    ]
}