{
    "exposed": [
        0.1384613693822963,
        0.851334616665591
    ],
    "lambda": [
        0.29147863643757044
    ],
    "a": [
        0.23596478700353163
    ],
    "delta": 60,
    "total_recovered": [
        158776.49358405295,
        243840.86424587254
    ],
    "R2": [
        0.14378101212738914,
        0.20258599900639018
    ]
}