{
    "exposed": [
        0.007103229221018258,
        0.13585044122104595,
        0.344209641584291,
        0.8600863450843284,
        0.005000059121477976,
        0.2847626858071204
    ],
    "lambda": [
        0.15250087977940618,
        0.10404435055897379,
        0.12011899686085545
    ],
    "a": [
        0.6128509081989072,
        0.999354184552218
    ],
    "delta": 63,
    "total_recovered": [
        114603.35534837793,
        200.86368970801087,
        18029.761975993082,
        385094.80492671,
        1034.9591920018268,
        98977.3576528953
    ],
    "R2": [
        -0.04257276141301847,
        -0.3020789836569029,
        -0.9363584398327149,
        0.7669811260959369,
        -0.17024752048770964,
        0.5370383609131166
    ]
}