{
    "exposed": [
        0.8339999986852449,
        0.4429858875728784,
        0.1158522194197524
    ],
    "lambda": [
        0.1308987644187818,
        0.0909273328786458,
        0.07485180332209163
    ],
    "a": [
        0.23605689803965701
    ],
    "delta": 63,
    "total_recovered": [
        337971.16286699515,
        21258.438779604396,
        133588.37247206765
    ],
    "R2": [
        0.2541311047387901,
        -1.6875007020021022,
        0.15164163048278723
    ]
}