{
    "exposed": [
        0.47851180804075966,
        0.06356365140947574
    ],
    "lambda": [
        0.0
    ],
    "a": [
        0.0
    ],
    "delta": 12,
    "total_recovered": [
        151426500.7288486,
        92790812.36373991
    ],
    "R2": [
        0.5354499886617885,
        0.4279058399070913
    ]
}