{
    "exposed": [
        0.7473404381808149
    ],
    "lambda": [
        0.9983191627124316
    ],
    "a": [
        0.9983191627124316
    ],
    "delta": -1,
    "total_recovered": [
        29003620.145598035
    ],
    "R2": [
        0.034668244959889405
    ]
}