{
    "exposed": [
        0.85279022167398,
        0.6785712169179108,
        0.4212029896180468
    ],
    "lambda": [
        0.11779744900811497,
        0.0851254323625983,
        0.024564500203460196
    ],
    "a": [
        0.15668784254926824
    ],
    "delta": 47,
    "total_recovered": [
        0,
        0,
        0
    ],
    "R2": [
        0.6375270203354039,
        -0.29395764767789734,
        -1.738071466393865
    ]
}