{
    "exposed": [
        0.005,
        0.4672701043736629,
        0.4315617286761211,
        0.9,
        0.2714941324815283,
        0.2128166173437568
    ],
    "lambda": [
        0.2998374650536353,
        0.06855936952156866,
        0.01010448630707754
    ],
    "a": [
        1.936533871945433e-05,
        1.0
    ],
    "delta": 37,
    "total_recovered": [
        185565.08454559257,
        1.2466437915334183,
        1.024337584898442,
        227480.4268372568,
        2.318820382021455,
        1.1014093446721127
    ],
    "R2": [
        0.8133632062585803,
        -0.322600391089622,
        -1.7501866452999657,
        0.8400647939367514,
        -0.30414693265951054,
        -1.5171877762797439
    ]
}